summary_id,winner_candidate,winner_party_id,runner_up_candidate,runner_up_party_id,constituency_id,margin_votes,result_status
1,G M HARISH (BALAYOGI),699,RAPAKA VARAPRASADA RAO,745.0,8,342196,Result Declared
2,C.M.RAMESH,159,BUDI MUTYALA NAIDU,745.0,6,296530,Result Declared
3,AMBICA G LAKSHMINARAYANA VALMIKI,699,MALAGUNDLA SANKAR NARAYANA,745.0,20,188555,Result Declared
4,GUMMA THANUJA RANI,745,KOTHAPALLI GEETHA,159.0,2,50580,Result Declared
5,KRISHNA PRASAD TENNETI,699,NANDIGAM SURESH BABU,745.0,16,208031,Result Declared
6,DAGGUMALLA PRASADA RAO,699,REDDEPPA.N .,745.0,26,220479,Result Declared
7,PUTTA MAHESH KUMAR,699,KARUMURI SUNIL KUMAR,745.0,11,181857,Result Declared
8,DR CHANDRA SEKHAR PEMMASANI,699,KILARI VENKATA ROSAIAH,745.0,14,344695,Result Declared
9,B K PARTHASARATHI,699,J SHANTHA,745.0,21,132427,Result Declared
10,Y. S. AVINASH REDDY,745,CHADIPIRALLA BHUPESH SUBBARAMI REDDY,699.0,22,62695,Result Declared
11,TANGELLA UDAY SRINIVAS (TEA TIME UDAY),331,CHALAMALASETTY SUNIL,745.0,7,229491,Result Declared
12,BASTIPATI NAGARAJU PANCHALINGALA,699,B Y RAMAIAH,745.0,19,111298,Result Declared
13,BALASHOWRY VALLABHANENI,331,SIMHADRI CHANDRA SEKHAR RAO,745.0,12,223179,Result Declared
14,DR BYREDDY SHABARI,699,POCHA BRAHMANANDA REDDY,745.0,18,111975,Result Declared
15,BHUPATHI RAJU SRINIVASA VARMA (B.J.P.VARMA),159,UMABALA GUDURI,745.0,10,276802,Result Declared
16,LAVU SRIKRISHNA DEVARAYALU,699,ANIL KUMAR POLUBOINA,745.0,15,159729,Result Declared
17,PRABHAKAR REDDY VEMIREDDY,699,VENUMBAKA VIJAYASAI REDDY,745.0,23,245902,Result Declared
18,MAGUNTA SREENIVASULU REDDY,699,DR CHEVIREDDY BHASKAR REDD,745.0,17,50199,Result Declared
19,DAGGUBATI PURANDHESHWARI,159,DR. GUDURI SRINIVAS,745.0,9,239139,Result Declared
20,P V MIDHUN REDDY,745,NALLARI KIRAN KUMAR REDDY,159.0,25,76071,Result Declared
21,KINJARAPU RAMMOHAN NAIDU,699,TILAK PERADA,745.0,3,327901,Result Declared
22,GURUMOORTHY MADDILA,745,VARA PRASAD RAO VELAGAPALLI,159.0,24,14569,Result Declared
23,KESINENI SIVANATH (CHINNI),699,KESINENI SRINIVAS  (NANI),745.0,13,282085,Result Declared
24,SRIBHARAT MATHUKUMILI,699,JHANSI LAKSHMI. BOTCHA.,745.0,5,504247,Result Declared
25,APPALANAIDU KALISETTI,699,BELLANA CHANDRASEKHAR,745.0,4,249351,Result Declared
26,TAPIR GAO,159,BOSIRAM SIRAM,290.0,28,30421,Result Declared
27,KIREN RIJIJU,159,NABAM TUKI,290.0,27,100738,Result Declared
28,PHANI BHUSAN CHOUDHURY,104,DEEP BAYAN,290.0,31,222351,Result Declared
29,DILIP SAIKIA,159,MADHAB RAJBANGSHI,290.0,32,329012,Result Declared
30,RAKIBUL HUSSAIN,290,MOHAMMED BADRUDDIN AJMAL,72.0,30,1012476,Result Declared
31,SARBANANDA SONOWAL,159,LURINJYOTI GOGOI,106.0,41,279321,Result Declared
32,AMARSING TISSO,159,J. I. KATHAR,283.0,34,147603,Result Declared
33,BIJULI KALITA MEDHI,159,MIRA BORTHAKUR GOSWAMI,290.0,33,251090,Result Declared
34,GAURAV GOGOI,290,TOPON KUMAR GOGOI,159.0,42,144393,Result Declared
35,KRIPANATH MALLAH,159,HAFIZ RASHID AHMED CHOUDHURY,290.0,35,18360,Result Declared
36,KAMAKHYA PRASAD TASA,159,ROSELINA TIRKEY,290.0,38,248947,Result Declared
37,JOYANTA BASUMATARY,710,KAMPA BORGOYARI,220.0,29,51583,Result Declared
38,PRADAN BARUAH,159,UDAY SHANKAR HAZARIKA,290.0,40,201257,Result Declared
39,PRADYUT BORDOLOI,290,SURESH BORAH,159.0,37,212231,Result Declared
40,PARIMAL SUKLABAIDYA,159,SURYA KANTA SARKAR,290.0,36,264311,Result Declared
41,RANJIT DUTTA,159,PREMLAL GANJU,290.0,39,361408,Result Declared
42,PRADEEP KUMAR SINGH,159,SHAHNAWAZ,540.0,51,20094,Result Declared
43,SUDAMA PRASAD,229,R. K. SINGH,159.0,74,59808,Result Declared
44,ABHAY KUMAR SINHA,540,SUSHIL KUMAR SINGH,159.0,79,79111,Result Declared
45,GIRIDHARI YADAV,334,JAI PRAKASH NARAYAN YADAV,540.0,69,103844,Result Declared
46,GIRIRAJ SINGH,159,ABDHESH KUMAR ROY,227.0,66,81480,Result Declared
47,AJAY KUMAR MANDAL,334,AJEET SHARMA,290.0,68,104868,Result Declared
48,SUDHAKAR SINGH,540,MITHILESH TIWARI,159.0,75,30091,Result Declared
49,GOPAL JEE THAKUR,159,LALIT KUMAR YADAV,540.0,56,178156,Result Declared
50,JITAN RAM MANJHI,280,KUMAR SARVJEET,540.0,80,101812,Result Declared
51,DR. ALOK KUMAR SUMAN,334,PREM NATH CHANCHAL ALIAS CHANCHAL PASWAN,728.0,59,127180,Result Declared
52,CHIRAG PASWAN,385,SHIV CHANDRA RAM,540.0,63,170105,Result Declared
53,SURENDRA PRASAD YADAV,540,CHANDESHWAR PRASAD,334.0,78,142591,Result Declared
54,ARUN BHARTI,385,ARCHANA KUMARI,540.0,82,112482,Result Declared
55,RAMPRIT MANDAL,334,SUMAN KUMAR MAHASETH,728.0,49,184169,Result Declared
56,RAJA RAM SINGH,229,PAWAN SINGH,283.0,77,105858,Result Declared
57,TARIQ ANWAR,290,DULAL CHANDRA GOSWAMI,334.0,53,49863,Result Declared
58,RAJESH VERMA,385,SANJAY KUMAR,228.0,67,161131,Result Declared
59,MOHAMMAD JAWED,290,MUJAHID ALAM,334.0,52,59692,Result Declared
60,DINESH CHANDRA YADAV,334,DA KUMAR CHANDRADEEP,540.0,55,174534,Result Declared
61,ASHOK KUMAR YADAV,159,MD ALI ASHRAF FATMI,540.0,48,151945,Result Declared
62,"JANARDAN SINGH ""SIGRIWAL""",159,AAKASH KUMAR SINGH,290.0,61,102651,Result Declared
63,RAJIV RANJAN SINGH ALIAS LALAN SINGH,334,KUMARI ANITA,540.0,70,80870,Result Declared
64,RAJ BHUSHAN CHOUDHARY,159,AJAY NISHAD,290.0,57,234927,Result Declared
65,KAUSHALENDRA KUMAR,334,DR. SANDEEP SAURAV,229.0,71,169114,Result Declared
66,VIVEK THAKUR,159,SHRAWAN KUMAR,540.0,81,67670,Result Declared
67,DR.SANJAY JAISWAL,159,MADAN MOHAN TIWARI,290.0,44,136568,Result Declared
68,MISHA BHARTI,540,RAM KRIPAL YADAV,159.0,73,85174,Result Declared
69,RAVI SHANKAR PRASAD,159,ANSHUL AVIJIT,290.0,72,153846,Result Declared
70,RAJESH RANJAN ALIAS PAPPU YADAV,283,SANTOSH KUMAR,334.0,54,23847,Result Declared
71,RADHA MOHAN SINGH,159,DR RAJESH KUMAR,728.0,45,88287,Result Declared
72,SHAMBHAVI,385,SUNNY HAZARI,290.0,65,187251,Result Declared
73,RAJIV PRATAP RUDY,159,ROHINI ACHARYA,540.0,62,13661,Result Declared
74,MANOJ KUMAR,290,SHIVESH KUMAR,159.0,76,19157,Result Declared
75,LOVELY ANAND,334,RITU JAISWAL,540.0,46,29143,Result Declared
76,DEVESH CHANDRA THAKUR,334,ARJUN RAY,540.0,47,51356,Result Declared
77,VIJAYLAKSHMI DEVI,334,HENA SHAHAB,283.0,60,92857,Result Declared
78,DILESHWAR KAMAIT,334,CHANDRAHAS CHAUPAL,540.0,50,169803,Result Declared
79,NITYANAND RAI,159,ALOK KUMAR MEHTA,540.0,64,60102,Result Declared
80,VEENA DEVI,385,VIJAY KUMAR SHUKLA,540.0,58,89634,Result Declared
81,SUNIL KUMAR,334,DEEPAK YADAV,540.0,43,98675,Result Declared
82,SHRIPAD YESSO NAIK,159,RAMAKANT KHALAP,290.0,97,116015,Result Declared
83,CAPTAIN  VIRIATO FERNANDES,290,PALLAVI SHRINIVAS DEMPO,159.0,98,13535,Result Declared
84,HASMUKHBHAI PATEL (H.S.PATEL),159,HIMMATSINH PRAHLADSINH PATEL,290.0,105,461755,Result Declared
85,DINESHBHAI MAKWANA (ADVOCATE),159,BHARAT YOGENDRA MAKWANA,290.0,106,286437,Result Declared
86,BHARATBHAI MANUBHAI SUTARIYA,159,JENNY THUMMAR,290.0,112,321068,Result Declared
87,MITESH PATEL (BAKABHAI),159,AMIT CHAVDA,290.0,114,89939,Result Declared
88,GENIBEN NAGAJI THAKOR,290,DR. REKHABEN HITESHBHAI CHAUDHARI,159.0,100,30406,Result Declared
89,PARBHUBHAI NAGARBHAI VASAVA,159,CHAUDHARY SIDDHARTH AMARSINH,290.0,121,230253,Result Declared
90,MANSUKHBHAI DHANJIBHAI VASAVA,159,CHAITARBHAI DAMJIBHAI VASAVA,8.0,120,85696,Result Declared
91,NIMUBEN JAYANTIBHAI BAMBHANIYA (NIMUBEN BAMBHANIYA),159,UMESHBHAI NARANBHAI MAKWANA,8.0,113,455289,Result Declared
92,JASHUBHAI BHILUBHAI RATHVA,159,SUKHRAMBHAI HARIYABHAI RATHWA,290.0,119,398777,Result Declared
93,JASWANTSINH SUMANBHAI BHABHOR,159,DR. PRABHABEN KISHORSINH TAVIYAD,290.0,117,333677,Result Declared
94,AMIT SHAH,159,SONAL RAMANBHAI PATEL,290.0,104,744716,Result Declared
95,POONAMBEN HEMATBHAI MAADAM,159,ADVOCATE J. P. MARAVIYA,290.0,110,238008,Result Declared
96,CHUDASAMA RAJESHBHAI NARANBHAI,159,JOTVA HIRABHAI ARJANBHAI,290.0,111,135494,Result Declared
97,CHAVDA VINOD LAKHAMSHI,159,NITESH PARBATBHAI LALAN (MATANG),290.0,99,268782,Result Declared
98,DEVUSINH CHAUHAN,159,KALUSINH DABHI,290.0,115,357758,Result Declared
99,HARIBHAI PATEL,159,RAMJI THAKOR,290.0,102,328046,Result Declared
100,C R PATIL,159,NAISHADHBHAI BHUPATBHAI  DESAI,290.0,123,773551,Result Declared
101,RAJPALSINH MAHENDRASINH JADAV,159,GULABSINH SOMSINH CHAUHAN,290.0,116,509342,Result Declared
102,DABHI  BHARATSINHJI  SHANKARJI,159,CHANDANJI TALAJI THAKOR,290.0,101,31876,Result Declared
103,DR. MANSUKH MANDAVIYA,159,LALIT VASOYA,290.0,109,383360,Result Declared
104,PARSHOTTAMBHAI RUPALA,159,DHANANI PARESH,290.0,108,484260,Result Declared
105,SHOBHANABEN MAHENDRASINH BARAIYA,159,CHAUDHARI TUSHAR AMARSINH,290.0,103,155682,Result Declared
106,MUKESHKUMAR CHANDRAKAANT DALAL,159,,,122,0,Unopposed
107,CHANDUBHAI CHHAGANBHAI SHIHORA,159,RUTVIKBHAI LAVJIBHAI MAKWANA,290.0,107,261617,Result Declared
108,DR. HEMANG JOSHI,159,PADHIYAR  JASHPALSINH MAHENDRASINH (BAPU),290.0,118,582126,Result Declared
109,DHAVAL LAXMANBHAI PATEL,159,ANANTKUMAR HASMUKHBHAI PATEL,290.0,124,210704,Result Declared
110,VARUN CHAUDHRY,290,BANTO KATARIA,159.0,125,49036,Result Declared
111,DHARAMBIR SINGH,159,RAO DAN SINGH,290.0,132,41510,Result Declared
112,KRISHAN PAL,159,MAHENDER PRATAP SINGH,290.0,134,172914,Result Declared
113,RAO INDERJIT SINGH,159,RAJ BABBAR,290.0,133,75079,Result Declared
114,JAI PARKASH (J P) S/O HARIKESH,290,RANJIT SINGH,159.0,128,63381,Result Declared
115,MANOHAR LAL,159,DIVYANSHU BUDHIRAJA,290.0,129,232577,Result Declared
116,NAVEEN JINDAL,159,DR SUSHIL GUPTA,8.0,126,29021,Result Declared
117,DEEPENDER SINGH HOODA,290,DR. ARVIND KUMAR SHARMA,159.0,131,345298,Result Declared
118,SELJA,290,ASHOK TANWAR,159.0,127,268497,Result Declared
119,SATPAL BRAHAMCHARI,290,MOHAN LAL BADOLI,159.0,130,21816,Result Declared
120,ANURAG SINGH THAKUR,159,SATPAL RAIZADA,290.0,137,182357,Result Declared
121,DR RAJEEV BHARDWAJ,159,ANAND SHARMA,290.0,135,251895,Result Declared
122,KANGNA RANAUT,159,VIKRAMADITYA SINGH,290.0,136,74755,Result Declared
123,Suresh Kumar Kashyap,159,Vinod Sultanpuri,290.0,138,91451,Result Declared
124,GADDIGOUDAR. PARVATAGOUDA. CHANDANAGOUDA.,159,SAMYUKTA SHIVANAND PATIL,290.0,160,68399,Result Declared
125,P C MOHAN,159,MANSOOR ALI KHAN,290.0,182,32707,Result Declared
126,SHOBHA KARANDLAJE,159,PROFESSOR M.V RAJEEV GOWDA,290.0,181,259476,Result Declared
127,DR C N MANJUNATH,159,D K SURESH,290.0,180,269647,Result Declared
128,TEJASVI SURYA,159,SOWMYA REDDY,290.0,183,277083,Result Declared
129,JAGADISH SHETTAR,159,MRINAL R HEBBALKAR,290.0,159,178437,Result Declared
130,E. TUKARAM,290,B. SREERAMULU,159.0,166,98992,Result Declared
131,SAGAR ESHWAR KHANDRE,290,BHAGWANTH KHUBA,159.0,164,128875,Result Declared
132,RAMESH JIGAJINAGI,159,RAJU ALAGUR.,290.0,161,77229,Result Declared
133,SUNIL BOSE,290,BALARAJ.S,159.0,179,188706,Result Declared
134,DR.K.SUDHAKAR,159,M.S. RAKSHA RAMAIAH,290.0,184,163460,Result Declared
135,PRIYANKA SATISH JARKIHOLI,290,ANNASAHEB SHANKAR JOLLE,159.0,158,90834,Result Declared
136,GOVIND MAKTHAPPA KARJOL,159,B.N.CHANDRAPPA,290.0,175,48121,Result Declared
137,CAPTAIN BRIJESH CHOWTA,159,PADMARAJ.R.POOJARY,290.0,174,149208,Result Declared
138,DR. PRABHA MALLIKARJUN,290,GAYITHRI SIDDESHWARA,159.0,170,26094,Result Declared
139,PRALHAD JOSHI,159,VINOD ASOOTI,290.0,168,97324,Result Declared
140,RADHAKRISHNA,290,DR. UMESH G JADHAV,159.0,162,27205,Result Declared
141,SHREYAS. M. PATEL,290,PRAJWAL REVANNA,333.0,173,42649,Result Declared
142,BASAVARAJ BOMMAI,159,ANANDSWAMY GADDADEVARMATH,290.0,167,43513,Result Declared
143,M. MALLESH BABU,333,K V GOWTHAM,290.0,185,71388,Result Declared
144,K. RAJASHEKAR BASAVARAJ HITNAL,290,DR . BASAVARAJ. K. SHARANAPPA,159.0,165,46357,Result Declared
145,H.D. KUMARASWAMY,333,VENKATARAMANE GOWDA (STAR CHANDRU),290.0,177,284620,Result Declared
146,YADUVEER KRISHNADATTA CHAMARAJA WADIYAR,159,M. LAKSHMANA,290.0,178,139262,Result Declared
147,G. KUMAR NAIK.,290,RAJA AMARESHWARA NAIK.,159.0,163,79781,Result Declared
148,B.Y.RAGHAVENDRA,159,GEETHA SHIVARAJKUMAR,290.0,171,243715,Result Declared
149,V. SOMANNA,159,S.P. MUDDAHANUMEGOWDA,290.0,176,175594,Result Declared
150,KOTA SRINIVAS POOJARY,159,K. JAYAPRAKASH HEGDE,290.0,172,259175,Result Declared
151,VISHWESHWAR HEGDE KAGERI,159,DR. ANJALI NIMBALKAR,290.0,169,337428,Result Declared
152,K. C VENUGOPAL,290,A. M ARIFF,228.0,200,63513,Result Declared
153,K.RADHAKRISHNAN,228,RAMYA HARIDAS,290.0,194,20111,Result Declared
154,ADV ADOOR PRAKASH,290,V JOY,228.0,204,684,Result Declared
155,BENNY BEHANAN,290,PROF C RAVEENDRANATH,228.0,196,63754,Result Declared
156,HIBI EDEN,290,K. J. SHINE TEACHER,228.0,197,250385,Result Declared
157,ADV. DEAN KURIAKOSE,290,ADV. JOICE GEORGE,228.0,198,133727,Result Declared
158,K. SUDHAKARAN,290,M.V. JAYARAJAN,228.0,187,108982,Result Declared
159,RAJMOHAN UNNITHAN,290,M.V BALAKRISHNAN MASTER,228.0,186,100649,Result Declared
160,N K PREMACHANDRAN,599,M MUKESH,228.0,203,150302,Result Declared
161,ADV K FRANCIS GEORGE,372,THOMAS CHAZHIKADAN,373.0,199,87266,Result Declared
162,M. K. RAGHAVAN,290,ELAMARAM KAREEM,228.0,190,146176,Result Declared
163,E.T.  MOHAMMED BASHEER,298,V. VASEEF,228.0,191,300118,Result Declared
164,KODIKUNNIL SURESH,290,ADV ARUN KUMAR C A,227.0,201,10868,Result Declared
165,V K SREEKANDAN,290,A VIJAYARAGHAVAN,228.0,193,75283,Result Declared
166,ANTO ANTONY,290,DR.T.M.THOMAS ISSAC,228.0,202,66119,Result Declared
167,DR. M.P ABDUSSAMAD SAMADANI,298,K.S HAMZA,228.0,192,235760,Result Declared
168,SHASHI THAROOR,290,RAJEEV CHANDRASEKHAR,159.0,205,16077,Result Declared
169,SURESH GOPI,159,ADV V S SUNILKUMAR,227.0,195,74686,Result Declared
170,SHAFI PARAMBIL,290,K K SHAILAJA TEACHER,228.0,188,114506,Result Declared
171,RAHUL GANDHI,290,ANNIE RAJA,227.0,189,364422,Result Declared
172,BHARTI PARDHI,159,SAMRAT ASHOK SINGH SARASWAR,290.0,222,174512,Result Declared
173,DURGADAS (D. D.) UIKEY,159,RAMU TEKAM,290.0,236,379761,Result Declared
174,SANDHYA RAY,159,PHOOL SINGH BARAIYA,290.0,209,64840,Result Declared
175,ALOK SHARMA,159,ADVOCATE ARUN SHRIVASTAVA,290.0,226,501499,Result Declared
176,BUNTY VIVEK SAHU,159,NAKUL KAMALNATH,290.0,223,113618,Result Declared
177,RAHUL SINGH LODHI,159,TARBAR SINGH LODHI (BANTU BHAIYA),290.0,214,406426,Result Declared
178,MAHENDRA SINGH SOLANKY,159,RAJENDRA RADHAKISHAN MALVIYA,290.0,228,425225,Result Declared
179,SAVITRI THAKUR,159,RADHESHYAM MUVEL,290.0,232,218665,Result Declared
180,JYOTIRADITYA M. SCINDIA,159,YADVENDRA RAO DESHRAJ SINGH,290.0,211,540929,Result Declared
181,BHARAT SINGH KUSHWAH,159,PRAVEEN PATHAK,290.0,210,70210,Result Declared
182,DARSHAN SINGH CHOUDHARY,159,SANJAY SHARMA SANJU BHAIYA,290.0,224,431696,Result Declared
183,SHANKAR LALWANI,159,SANJAY S/O LAKSHMAN SOLANKI,122.0,233,1175092,Result Declared
184,ASHISH DUBEY,159,DINESH YADAV,290.0,220,486674,Result Declared
185,VISHNU DATT SHARMA (V.D.SHARMA),159,KAMLESH KUMAR,122.0,215,541229,Result Declared
186,GYANESHWAR PATIL,159,NARENDRA PATEL,290.0,235,269971,Result Declared
187,GAJENDRA SINGH PATEL,159,PORLAL BATHA KHARTE,290.0,234,135018,Result Declared
188,FAGGAN SINGH KULASTE,159,OMKAR SINGH MARKAM,290.0,221,103846,Result Declared
189,SUDHEER GUPTA,159,DILIP SINGH GURJAR,290.0,230,500655,Result Declared
190,SHIVMANGAL SINGH TOMAR,159,NEETU SATYAPAL SINGH SIKARWAR,290.0,208,52530,Result Declared
191,RODMAL NAGAR,159,DIGVIJAYA SINGH,290.0,227,146089,Result Declared
192,ANITA NAGARSINGH CHOUHAN,159,KANTILAL BHURIA,290.0,231,207232,Result Declared
193,JANARDAN MISHRA,159,NEELAM ABHAY MISHRA,290.0,217,193374,Result Declared
194,DR. LATA WANKHEDE,159,CHANDRA BHUSAN SINGH BUNDELA 'GUDDU RAJA',290.0,212,471222,Result Declared
195,GANESH SINGH,159,DABBU SIDDHARTH SUKHLAL KUSHWAHA,290.0,216,84949,Result Declared
196,SMT. HIMADRI SINGH,159,PHUNDE LAL SINGH MARKO,290.0,219,397340,Result Declared
197,DR. RAJESH MISHRA,159,KAMLESHWAR INDRAJIT KUMAR,290.0,218,206416,Result Declared
198,DR. VIRENDRA KUMAR,159,KHUMAN URF PANKAJ AHIRWAR,290.0,213,403312,Result Declared
199,ANIL FIROJIYA,159,MAHESH PARMAR,290.0,229,375860,Result Declared
200,SHIVRAJ SINGH CHOUHAN,159,PRATAPBHANU SHARMA,290.0,225,821408,Result Declared
201,NILESH DNYANDEV LANKE,456,DR. SUJAY RADHAKRISHNA VIKHEPATIL,159.0,273,28929,Result Declared
202,ANUP SANJAY DHOTRE,159,ABHAY KASHINATH PATIL,290.0,242,40626,Result Declared
203,BALWANT BASWANT WANKHADE,290,NAVNEET RAVI RANA,159.0,243,19731,Result Declared
204,BHUMARE SANDIPANRAO ASARAM,657,IMTIAZ JALEEL SYED,65.0,255,134650,Result Declared
205,SUPRIYA SULE,456,SUNETRA AJITDADA PAWAR,455.0,271,158333,Result Declared
206,BAJRANG MANOHAR SONWANE,456,PANKAJA GOPINATHRAO MUNDE,159.0,275,6553,Result Declared
207,DR. PRASHANT YADAORAO PADOLE,290,SUNIL BABURAO MENDHE,159.0,247,37380,Result Declared
208,BALYA MAMA - SURESH GOPINATH MHATRE,456,KAPIL MORESHWAR PATIL,159.0,259,66121,Result Declared
209,JADHAV PRATAPRAO GANPATRAO,657,NARENDRA DAGDU KHEDEKAR,658.0,241,29479,Result Declared
210,DHANORKAR PRATIBHA SURESH ALIAS BALUBHAU,290,MUNGANTIWAR SUDHIR SACCHIDANAND,159.0,249,260406,Result Declared
211,BACHHAV SHOBHA DINESH,290,BHAMRE SUBHASH RAMRAO,159.0,238,3831,Result Declared
212,BHASKAR MURLIDHAR BHAGARE,456,DR. BHARATI PRAVIN PAWAR,159.0,256,113199,Result Declared
213,DR. KIRSAN NAMDEO,290,ASHOK  MAHADEORAO NETE,159.0,248,141696,Result Declared
214,DHAIRYASHEEL SAMBHAJIRAO MANE,657,SATYAJEET BABASAHEB PATIL (AABA) SARUDKAR,658.0,284,13426,Result Declared
215,AASHTIKAR PATIL NAGESH BAPURAO,658,BABURAO KADAM KOHALIKAR,657.0,251,108602,Result Declared
216,SMITA UDAY WAGH,159,KARAN BALASAHEB PATIL - PAWAR,658.0,239,251594,Result Declared
217,KALYAN VAIJINATHRAO KALE,290,DANVE RAOSAHEB DADARAO,159.0,254,109958,Result Declared
218,DR SHRIKANT EKNATH SHINDE,657,VAISHALI DAREKAR - RANE,658.0,260,209144,Result Declared
219,CHHATRAPATI SHAHU SHAHAJI,290,SANJAY SADASHIVRAO MANDLIK,657.0,283,154964,Result Declared
220,DR. KALGE SHIVAJI BANDAPPA,290,SUDHAKAR TUKARAM SHRANGARE,159.0,277,61881,Result Declared
221,MOHITE-PATIL DHAIRYASHEEL RAJSINH,456,RANJEETSINGH HINDURAO NAIK NIMBALKAR,159.0,279,120837,Result Declared
222,SHRIRANG APPA CHANDU BARNE,657,SANJOG BHIKU WAGHERE PATIL,658.0,269,96615,Result Declared
223,PIYUSH GOYAL,159,BHUSHAN PATIL,290.0,262,357608,Result Declared
224,GAIKWAD VARSHA EKNATH,290,ADV UJWAL NIKAM,159.0,265,16514,Result Declared
225,SANJAY DINA PATIL,658,MIHIR CHANDRAKANT KOTECHA,159.0,264,29861,Result Declared
226,RAVINDRA DATTARAM WAIKAR,657,AMOL GAJANAN KIRTIKAR,658.0,263,48,Result Declared
227,ARVIND GANPAT SAWANT,658,YAMINI YASHWANT JADHAV,657.0,267,52673,Result Declared
228,ANIL YESHWANT DESAI,658,RAHUL RAMESH SHEWALE,657.0,266,53384,Result Declared
229,NITIN JAIRAM GADKARI,159,VIKAS THAKRE,290.0,246,137603,Result Declared
230,CHAVAN VASANTRAO BALWANTRAO,290,CHIKHALIKAR PRATAPRAO GOVINDRAO,159.0,252,59442,Result Declared
231,ADV GOWAAL KAGADA PADAVI,290,DR HEENA VIJAYKUMAR GAVIT,159.0,237,159120,Result Declared
232,RAJABHAU (PARAG) PRAKASH WAJE,658,GODSE HEMANT TUKARAM,657.0,257,162001,Result Declared
233,OMPRAKASH BHUPALSINH ALIAS PAVAN RAJENIMBALKAR,658,ARCHANA RANAJAGJITSINH PATIL,455.0,276,329846,Result Declared
234,DR. HEMANT VISHNU SAVARA,159,BHARTI BHARAT KAMDI,658.0,258,183306,Result Declared
235,JADHAV SANJAY ( BANDU ) HARIBHAU,658,JANKAR MAHADEV JAGANNATH,573.0,253,134061,Result Declared
236,MURLIDHAR MOHOL,159,DHANGEKAR RAVINDRA HEMRAJ,290.0,270,123038,Result Declared
237,TATKARE SUNIL DATTATREY,455,ANANT GEETE,658.0,268,82784,Result Declared
238,Shyamkumar (Babalu) Daulat Barve,290,RAJU DEONATH PARVE,657.0,245,76768,Result Declared
239,NARAYAN TATU RANE,159,VINAYAK BHAURAO RAUT,658.0,282,47858,Result Declared
240,KHADSE RAKSHA NIKHIL,159,SHRIRAM DAYARAM PATIL,456.0,240,272183,Result Declared
241,VISHAL (DADA) PRAKASHBAPU PATIL,283,SANJAY (KAKA) PATIL,159.0,280,100053,Result Declared
242,SHRIMANT CHH UDAYANRAJE PRATAPSINHAMAHARAJ BHONSLE,159,SHASHIKANT JAYVANTRAO SHINDE,456.0,281,32771,Result Declared
243,BHAUSAHEB RAJARAM WAKCHAURE,658,LOKHANDE SADASHIV KISAN,657.0,274,50529,Result Declared
244,DR. AMOL RAMSING KOLHE,456,ADHALRAO SHIVAJI DATTATREY,455.0,272,140951,Result Declared
245,PRANITI SUSHILKUMAR SHINDE,290,RAM VITTHAL SATPUTE,159.0,278,74197,Result Declared
246,NARESH GANPAT MHASKE,657,RAJAN BABURAO VICHARE,658.0,261,217011,Result Declared
247,AMAR SHARADRAO KALE,456,RAMDAS CHANDRABHAN TADAS,159.0,244,81648,Result Declared
248,SANJAY UTTAMRAO DESHMUKH,658,RAJSHRITAI HEMANT PATIL (MAHALLE),657.0,250,94473,Result Declared
249,ANGOMCHA BIMOL AKOIJAM,290,THOUNAOJAM BASANTA KUMAR SINGH,159.0,285,109801,Result Declared
250,ALFRED KANNGAM S ARTHUR,290,KACHUI TIMOTHY ZIMIK,438.0,286,85418,Result Declared
251,DR. RICKY ANDREW J. SYNGKON,733,VINCENT H. PALA,290.0,287,371910,Result Declared
252,SALENG A SANGMA,290,AGATHA K SANGMA,451.0,288,155241,Result Declared
253,RICHARD VANLALHMANGAIHA,746,K VANLALVENA,427.0,289,68288,Result Declared
254,S SUPONGMEREN JAMIR,290,DR CHUMBEN MURRY,457.0,297,50984,Result Declared
255,ANITA SUBHADARSHINI,159,RANJITA SAHU,218.0,316,99974,Result Declared
256,PRATAP CHANDRA SARANGI,159,LEKHASRI SAMANTSINGHAR,218.0,303,147156,Result Declared
257,PRADEEP PUROHIT,159,PARINITA MISHRA,218.0,298,251667,Result Declared
258,DR. PRADEEP KUMAR PANIGRAHY,159,BHRUGU BAXIPATRA,218.0,317,165476,Result Declared
259,AVIMANYU SETHI,159,MANJULATA MANDAL,218.0,304,91544,Result Declared
260,APARAJITA SARANGI,159,MANMATH KUMAR ROUTRAY,218.0,315,35152,Result Declared
261,SANGEETA KUMARI SINGH DEO,159,SURENDRA SINGH BHOI,218.0,307,132664,Result Declared
262,BHARTRUHARI MAHTAB,159,SANTRUPT MISRA,218.0,311,57077,Result Declared
263,RUDRA NARAYAN PANY,159,ABINASH SAMAL,218.0,306,76567,Result Declared
264,BIBHU PRASAD TARAI,159,DR. RAJASHREE MALLICK,218.0,313,40696,Result Declared
265,RABINDRA NARAYAN BEHERA,159,SARMISTHA SETHI,218.0,305,1587,Result Declared
266,MALVIKA DEVI,159,LAMBODAR NIAL,218.0,308,133813,Result Declared
267,SUKANTA KUMAR PANIGRAHI,159,ACHYUTANANDA SAMANTA,218.0,310,21371,Result Declared
268,BAIJAYANT PANDA,159,ANSHUMAN MOHANTY,218.0,312,66536,Result Declared
269,ANANTA NAYAK,159,DHANURJAYA SIDU,218.0,301,97042,Result Declared
270,SAPTAGIRI SANKAR ULAKA,290,KAUSALYA HIKAKA,218.0,318,147744,Result Declared
271,NABA CHARAN MAJHI,159,SUDAM MARNDI,218.0,302,219334,Result Declared
272,BALABHADRA MAJHI,159,PRADEEP KUMAR MAJHI,218.0,309,87536,Result Declared
273,SAMBIT PATRA,159,ARUP MOHAN PATNAIK,218.0,314,104709,Result Declared
274,DHARMENDRA PRADHAN,159,PRANAB PRAKASH DAS,218.0,300,119836,Result Declared
275,JUAL ORAM,159,DILIP KUMAR TIRKEY,218.0,299,138808,Result Declared
276,GURJEET SINGH AUJLA,290,KULDEEP SINGH DHALIWAL,8.0,321,40301,Result Declared
277,MALVINDER SINGH KANG,8,VIJAY INDER SINGLA,290.0,325,10846,Result Declared
278,HARSIMRAT KAUR BADAL,654,GURMEET SINGH KHUDIAN,8.0,330,49656,Result Declared
279,SARABJEET SINGH KHALSA,283,KARAMJIT SINGH ANMOL,8.0,328,70053,Result Declared
280,AMAR SINGH,290,GURPREET SINGH GP,8.0,327,34202,Result Declared
281,SHER SINGH GHUBAYA,290,JAGDEEP SINGH KAKA BRAR,8.0,329,3242,Result Declared
282,SUKHJINDER SINGH RANDHAWA,290,DINESH SINGH BABBU,159.0,320,82861,Result Declared
283,DR. RAJ KUMAR CHABBEWAL,8,YAMINI GOMAR,290.0,324,44111,Result Declared
284,CHARANJIT SINGH CHANNI,290,SUSHIL KUMAR RINKU,159.0,323,175993,Result Declared
285,AMRITPAL SINGH,283,KULBIR SINGH ZIRA,290.0,322,197120,Result Declared
286,AMRINDER SINGH RAJA WARRING,290,RAVNEET SINGH BITTU,159.0,326,20942,Result Declared
287,DR DHARAMVIRA GANDHI,290,DR BALBIR SINGH,8.0,332,14831,Result Declared
288,GURMEET SINGH MEET HAYER,8,SUKHPAL SINGH KHAIRA,290.0,331,172560,Result Declared
289,BHAGIRATH CHOUDHARY,159,RAMCHANDRA CHOUDHARY,290.0,345,329991,Result Declared
290,BHUPENDER YADAV,159,LALIT YADAV,290.0,340,48282,Result Declared
291,RAJ KUMAR ROAT,132,MAHENDRAJEETSINGH MALVIYA,159.0,352,247054,Result Declared
292,UMMEDA RAM BENIWAL,290,RAVINDRA SINGH BHATI,283.0,349,118176,Result Declared
293,SANJNA JATAV,290,RAMSWAROOP KOLI,159.0,341,51983,Result Declared
294,DAMODAR AGARWAL,159,C P JOSHI,290.0,355,354606,Result Declared
295,ARJUN RAM MEGHWAL,159,GOVINDRAM MEGHWAL,290.0,334,55711,Result Declared
296,CHANDRA PRAKASH JOSHI,159,ANJANA UDAILAL,290.0,353,389877,Result Declared
297,RAHUL KASWAN,290,DEVENDRA JHAJHARIA,159.0,335,72737,Result Declared
298,MURARI LAL MEENA,290,KANHAIYA LAL MEENA,159.0,343,237340,Result Declared
299,KULDEEP INDORA,290,PRIYANKA BALAN MEGHWAL,159.0,333,88153,Result Declared
300,MANJU SHARMA,159,PRATAP SINGH KHACHARIYAWAS,290.0,339,331767,Result Declared
301,RAO RAJENDRA SINGH,159,ANIL CHOPRA,290.0,338,1615,Result Declared
302,LUMBARAM,159,VAIBHAV GEHLOT,290.0,350,201543,Result Declared
303,DUSHYANT SINGH,159,URMILA JAIN “BHAYA”,290.0,357,370989,Result Declared
304,BRIJENDRA SINGH OLA,290,SHUBHKARAN CHOUDHARY,159.0,336,18235,Result Declared
305,GAJENDRA SINGH SHEKHAWAT,159,KARAN SINGH UCHIYARDA,290.0,348,115677,Result Declared
306,BHAJAN LAL JATAV,290,INDU DEVI,159.0,342,98945,Result Declared
307,OM BIRLA,159,PRAHLAD GUNJAL,290.0,356,41974,Result Declared
308,HANUMAN BENIWAL,561,JYOTI MIRDHA,159.0,346,42225,Result Declared
309,P. P. CHAUDHARY,159,SANGEETA BENIWAL,290.0,347,245351,Result Declared
310,MAHIMA KUMARI MEWAR,159,DR. DAMODAR GURJAR,290.0,354,392223,Result Declared
311,AMRARAM,228,SUMEDHANAND SARASWATI,159.0,337,72896,Result Declared
312,HARISH CHANDRA MEENA,290,SUKHBIR SINGH JAUNAPURIA,159.0,344,64949,Result Declared
313,MANNA LAL RAWAT,159,TARACHAND MEENA,290.0,351,261608,Result Declared
314,INDRA HANG SUBBA,661,BHARAT BASNETT,226.0,358,80830,Result Declared
315,S JAGATHRATCHAKAN,251,L VIJAYAN,56.0,365,306559,Result Declared
316,THARANIVENTHAN M S,251,"GAJENDRAN, G.V.",56.0,370,208766,Result Declared
317,DAYANIDHI MARAN,251,VINOJ,159.0,362,244689,Result Declared
318,DR.KALANIDHI VEERASWAMY,251,R. MANOHAR,56.0,360,339222,Result Declared
319,T.SUMATHY (ALIAS) THAMIZHACHI THANGAPANDIAN,251,DR.TAMILISAI SOUNDARARAJAN,159.0,361,225945,Result Declared
320,THIRUMAAVALAVAN THOL,724,CHANDRAHASAN M,56.0,385,103554,Result Declared
321,GANAPATHY RAJKUMAR P,251,ANNAMALAI K,159.0,378,118068,Result Declared
322,M.K. VISHNUPRASAD,290,P. SIVAKOZHUNDU,242.0,384,185896,Result Declared
323,MANI. A.,251,SOWMIYA ANBUMANI,482.0,368,21300,Result Declared
324,SACHITHANANTHAM R,228,MOHAMED MUBARAK M A,56.0,380,443821,Result Declared
325,K E PRAKASH,251,ASHOK KUMAR,56.0,375,236566,Result Declared
326,MALAIYARASAN D,251,KUMARAGURU R,56.0,372,53784,Result Declared
327,SELVAM. G,251,RAJASEKAR. E,56.0,364,221473,Result Declared
328,VIJAYAKUMAR (Alias) VIJAY VASANTH,290,RADHAKRISHNAN P,159.0,397,179907,Result Declared
329,JOTHIMANI. S,290,THANGAVEL. L,56.0,381,166816,Result Declared
330,GOPINATH K,290,JAYAPRAKASH V,56.0,367,192486,Result Declared
331,VENKATESAN S,228,RAAMA SREENIVASAN,159.0,390,209409,Result Declared
332,SUDHA R,290,BABU P,56.0,386,271183,Result Declared
333,SELVARAJ V,227,DR SURSITH SANKAR G,56.0,387,208957,Result Declared
334,MATHESWARAN V S,251,TAMILMANI S,56.0,374,29112,Result Declared
335,RAJA A,251,DR MURUGAN L,159.0,377,240585,Result Declared
336,ARUN NEHRU,251,CHANDRAMOHAN N D,56.0,383,389107,Result Declared
337,ESWARASAMY K,251,KARTHIKEYAN A,56.0,379,252042,Result Declared
338,NAVASKANI K,298,PANNEERSELVAM O S/O OTTAKARATHEVAR,283.0,393,166782,Result Declared
339,SELVAGANAPATHI T M,251,VIGNESH P,56.0,373,70357,Result Declared
340,KARTI P CHIDAMBARAM,290,XAVIERDASS A,56.0,389,205664,Result Declared
341,T R BAALU,251,G PREMKUMAR,56.0,363,487029,Result Declared
342,DR RANI SRI KUMAR,251,DR K KRISHNASAMY,56.0,395,196199,Result Declared
343,MURASOLI S,251,SIVANESAN P,242.0,388,319583,Result Declared
344,THANGA TAMILSELVAN,251,TTV DHINAKARAN,81.0,391,278825,Result Declared
345,KANIMOZHI KARUNANIDHI,251,SIVASAMY VELUMANI R,56.0,394,392738,Result Declared
346,DURAI VAIKO,417,KARUPPAIAH. P,56.0,382,313094,Result Declared
347,ROBERT BRUCE C,290,NAINAR NAGENTHRAN,159.0,396,165620,Result Declared
348,"SUBBARAYAN, K.",227,"ARUNACHALAM, P.",56.0,376,125928,Result Declared
349,Sasikanth Senthil,290,"Balaganapathy, V. Pon",159.0,359,572155,Result Declared
350,"ANNADURAI, C.N.",251,KALIYAPERUMAL M,56.0,369,233931,Result Declared
351,DM KATHIR ANAND,251,AC SHANMUGAM,159.0,366,215702,Result Declared
352,RAVIKUMAR. D,724,BHAGYARAJ. J,56.0,371,70703,Result Declared
353,MANICKAM TAGORE B,290,VIJAYAPRABHAKARAN V,242.0,392,4379,Result Declared
354,KRITI DEVI DEBBARMAN,159,RAJENDRA REANG,228.0,416,486819,Result Declared
355,BIPLAB KUMAR DEB,159,ASISH KUMAR SAHA,290.0,415,611578,Result Declared
356,PROF S P SINGH BAGHEL,159,SURESH CHAND KARDAM,618.0,434,271294,Result Declared
357,DEVENDRA SINGH ALIAS BHOLE SINGH,159,RAJARAM PAL,618.0,460,44345,Result Declared
358,SATISH KUMAR GAUTAM,159,BIJENDRA SINGH,618.0,431,15647,Result Declared
359,UJJWAL RAMAN SINGH,290,NEERAJ TRIPATHI,159.0,468,58795,Result Declared
360,LALJI VERMA,618,RITESH PANDEY,159.0,471,137247,Result Declared
361,KISHORI LAL,290,SMRITI IRANI,159.0,453,167196,Result Declared
362,KANWAR SINGH TANWAR,159,KUNWAR DANISH ALI,290.0,425,28670,Result Declared
363,NEERAJ MAURYA,618,DHARMENDRA KASHYAP,159.0,440,15969,Result Declared
364,DHARMENDRA YADAV,618,DINESH LAL YADAV “NIRAHUA”,159.0,485,161035,Result Declared
365,ADITYA YADAV,618,DURVIJAY SINGH SHAKYA,159.0,439,34991,Result Declared
366,DR RAJKUMAR SANGWAN,558,AMARPAL,618.0,427,159459,Result Declared
367,ANAND KUMAR,159,RAMESH CHANDRA,618.0,472,64227,Result Declared
368,SANATAN PANDEY,618,NEERAJ SHEKHAR,159.0,488,43384,Result Declared
369,KRISHNA DEVI SHIVSHANKER PATEL,618,R. K. SINGH PATEL,159.0,464,71210,Result Declared
370,KAMLESH PASWAN,159,SADAL PRASAD,290.0,483,3150,Result Declared
371,TANUJ PUNIA,290,RAJRANI RAWAT,159.0,469,215704,Result Declared
372,CHHATRA PAL SINGH GANGWAR,159,PRAVEEN SINGH ARON,618.0,441,34804,Result Declared
373,RAM PRASAD CHAUDHARY,618,HARISH CHANDRA ALIAS HARISH DWIVEDI,159.0,477,100994,Result Declared
374,DR. VINOD KUMAR BIND,159,LALITESHPATI TRIPATHI,70.0,494,44072,Result Declared
375,CHANDAN CHAUHAN,558,DEEPAK,618.0,420,37508,Result Declared
376,DR BHOLA SINGH,159,SHIVRAM,290.0,430,275134,Result Declared
377,BIRENDRA SINGH,618,DR. MAHENDRA NATH  PANDEY,159.0,492,21565,Result Declared
378,SHASHANK MANI,159,AKHILESH PRATAP SINGH,290.0,482,34842,Result Declared
379,ANAND BHADAURIYA,618,REKHA VERMA,159.0,445,4449,Result Declared
380,JAGDAMBIKA PAL,159,BHISHMA SHANKAR ALIAS KUSHAL TIWARI,618.0,476,42728,Result Declared
381,DEVESH SHAKYA,618,RAJVEER SINGH (RAJU BHAIYA),159.0,438,28052,Result Declared
382,JITENDRA KUMAR DOHARE,618,DR RAM SHANKAR KATHERIA,159.0,457,58419,Result Declared
383,AWADHESH PRASAD,618,LALLU SINGH,159.0,470,54567,Result Declared
384,MUKESH RAJPUT,159,DR. NAVAL KISHOR SHAKYA,618.0,456,2678,Result Declared
385,NARESH CHANDRA UTTAM PATEL,618,NIRANJAN JYOTI,159.0,465,33199,Result Declared
386,RAJKUMAR CHAHAR,159,RAMNATH SINGH SIKARWAR,290.0,435,43405,Result Declared
387,AKSHAYA YADAV,618,VISHWADEEP SINGH,159.0,436,89312,Result Declared
388,DR. MAHESH SHARMA,159,DR. MAHENDRA SINGH NAGAR,618.0,429,559472,Result Declared
389,ATUL GARG,159,DOLLY SHARMA,290.0,428,336965,Result Declared
390,AFZAL ANSARI,618,PARS NATH RAI,159.0,491,124861,Result Declared
391,RAJEEV RAI,618,DR. ARVIND RAJBHAR,670.0,486,162943,Result Declared
392,KIRTIVARDHAN SINGH,159,SHREYA VERMA,618.0,475,46224,Result Declared
393,RAVINDRA SHUKLA ALIAS RAVI KISHAN,159,KAJAL NISHAD,618.0,480,103526,Result Declared
394,AJENDRA SINGH LODHI,618,KUNWAR PUSHPENDRA SINGH CHANDEL,159.0,463,2629,Result Declared
395,JAI PRAKASH,159,USHA VERMA,618.0,447,27856,Result Declared
396,ANOOP PRADHAN BALMIKI,159,JASVEER VALMIKI,618.0,432,247318,Result Declared
397,NARAYAN DAS AHIRWAR,618,BHANU PRATAP SINGH VERMA,159.0,461,53898,Result Declared
398,BABU SINGH KUSHWAHA,618,KRIPASHANKAR SINGH,159.0,489,99335,Result Declared
399,ANURAG SHARMA,159,"PRADEEP JAIN ""ADITYA""",290.0,462,102614,Result Declared
400,IQRA CHOUDHARY,618,PRADEEP KUMAR,159.0,418,69116,Result Declared
401,KARAN BHUSHAN SINGH,159,BHAGAT RAM,618.0,473,148843,Result Declared
402,AKHILESH YADAV,618,SUBRAT PATHAK,159.0,458,170922,Result Declared
403,RAMESH AWASTHI,159,ALOK MISRA,290.0,459,20968,Result Declared
404,PUSHPENDRA SAROJ,618,VINOD KUMAR SONKAR,159.0,466,103944,Result Declared
405,UTKARSH VERMA 'MADHUR',618,AJAY KUMAR,159.0,444,34329,Result Declared
406,VIJAY KUMAR DUBAY,159,AJAY PRATAP SINGH URF PINTU SAITHWAR,618.0,481,81790,Result Declared
407,DAROGA PRASAD SAROJ,618,NEELAM SONKER,159.0,484,115023,Result Declared
408,RAJ NATH SINGH,159,RAVIDAS MEHROTRA,618.0,451,135159,Result Declared
409,PRIYA SAROJ,618,BHOLANATH (B.P. SAROJ),159.0,490,35850,Result Declared
410,PANKAJ CHAUDHARY,159,VIRENDRA CHAUDHARY,290.0,479,35451,Result Declared
411,DIMPLE YADAV,618,JAYVEER SINGH,159.0,437,221639,Result Declared
412,HEMAMALINI DHARMENDRA DEOL,159,MUKESH DHANGAR,290.0,433,293407,Result Declared
413,ARUN GOVIL,159,SUNITA VERMA,618.0,426,10585,Result Declared
414,ANUPRIYA PATEL,94,RAMESH CHAND BIND,618.0,495,37810,Result Declared
415,ASHOK KUMAR RAWAT,159,SANGITA RAJVANSHI,618.0,448,33406,Result Declared
416,R.K. CHAUDHARY,618,KAUSHAL KISHORE,159.0,450,70292,Result Declared
417,RUCHI VIRA,618,KUNWAR SARVESH KUMAR,159.0,422,105762,Result Declared
418,HARENDRA SINGH MALIK,618,SANJEEV KUMAR BALYAN,159.0,419,24672,Result Declared
419,CHANDRASHEKHAR,21,OM KUMAR,159.0,421,151473,Result Declared
420,PRAVEEN PATEL,159,AMAR NATH SINGH MAURYA,618.0,467,4332,Result Declared
421,JITIN PRASADA,159,BHAGWAT SARAN GANGWAR,618.0,442,164935,Result Declared
422,SHIV PAL SINGH PATEL (DR. S P SINGH),618,SANGAM LAL GUPTA,159.0,455,66206,Result Declared
423,RAHUL GANDHI,290,DINESH PRATAP SINGH,159.0,452,390030,Result Declared
424,MOHIBBULLAH,618,GHANSHYAM SINGH LODHI,159.0,423,87434,Result Declared
425,CHHOTELAL,618,RINKI SINGH,94.0,496,129234,Result Declared
426,IMRAN MASOOD,290,RAGHAV LAKHANPAL,159.0,417,64542,Result Declared
427,RAMASHANKAR RAJBHAR,618,RAVINDAR KUSHAWAHA,159.0,487,3573,Result Declared
428,ZIA UR REHMAN,618,PARMESHWAR LAL SAINI,159.0,424,121494,Result Declared
429,LAXMIKANT PAPPU NISHAD,618,PRAVIN KUMAR NISHAD,159.0,478,92170,Result Declared
430,ARUN KUMAR SAGAR,159,JYOTSNA GOND,618.0,443,55379,Result Declared
431,RAM SHIROMANI VERMA,618,SAKET MISRA,159.0,474,76673,Result Declared
432,RAKESH RATHOR,290,RAJESH VERMA,159.0,446,89641,Result Declared
433,RAMBHUAL NISHAD,618,MANEKA SANJAY GANDHI,159.0,454,43174,Result Declared
434,SWAMI SACHCHIDANAND HARI SAKSHI,159,ANNU TANDON,618.0,449,35818,Result Declared
435,NARENDRA MODI,159,AJAY RAI,290.0,493,152513,Result Declared
436,MANOJ TIGGA,159,PRAKASH CHIK BARAIK,70.0,503,75447,Result Declared
437,BAG MITALI,70,ARUP KANTI DIGAR,159.0,530,6399,Result Declared
438,SHATRUGHAN PRASAD SINHA,70,SURENDRAJEET SINGH AHLUWALIA,159.0,541,59564,Result Declared
439,PATHAN YUSUF,70,ADHIR RANJAN CHOWDHURY,290.0,511,85022,Result Declared
440,SUKANTA MAJUMDAR,159,BIPLAB MITRA,70.0,507,10386,Result Declared
441,SHANTANU THAKUR,159,BISWAJIT DAS S/O LATE BIJAY KRISHNA DAS,70.0,515,73693,Result Declared
442,ARUP CHAKRABORTY,70,DR. SUBHAS SARKAR,159.0,537,32778,Result Declared
443,KAKOLI GHOSH DASTIDAR,70,SWAPAN MAJUMDER,159.0,518,114189,Result Declared
444,DR. SHARMILA SARKAR,70,ASIM KUMAR SARKAR,159.0,539,160572,Result Declared
445,AZAD KIRTI JHA,70,DILIP GHOSH,159.0,540,137981,Result Declared
446,PARTHA BHOWMICK,70,ARJUN SINGH,159.0,516,64438,Result Declared
447,SK NURUL ISLAM,70,REKHA PATRA,159.0,519,333547,Result Declared
448,SATABDI ROY,70,DEBTANU BHATTACHARYA,159.0,543,197650,Result Declared
449,KHAN SAUMITRA,159,SUJATA MONDAL,70.0,538,5567,Result Declared
450,ASIT KUMAR MAL,70,PIYA SAHA,159.0,542,327253,Result Declared
451,JAGADISH CHANDRA BARMA BASUNIA,70,NISITH PRAMANIK,159.0,502,39250,Result Declared
452,RAJU BISTA,159,GOPAL LAMA,70.0,505,178525,Result Declared
453,ABHISHEK BANERJEE,70,ABHIJIT DAS (BOBBY),159.0,522,710930,Result Declared
454,SOUGATA RAY,70,SILBHADRA DATTA,159.0,517,70660,Result Declared
455,ADHIKARI DEEPAK (DEV),70,DR. HIRANMOY CHATTOPADHYAYA,159.0,533,182868,Result Declared
456,RACHNA BANERJEE,70,LOCKET CHATTERJEE,159.0,529,76853,Result Declared
457,PRASUN BANERJEE,70,DR RATHIN CHAKRAVARTY,159.0,526,169442,Result Declared
458,SAYANI GHOSH,70,DR. ANIRBAN GANGULY,159.0,523,258201,Result Declared
459,DR JAYANTA KUMAR ROY,159,NIRMAL CHANDRA ROY,70.0,504,86693,Result Declared
460,KHALILUR RAHAMAN,70,MURTOJA HOSSAIN BOKUL,290.0,510,116637,Result Declared
461,KALIPADA SAREN (KHERWAL),70,DR. PRANAT TUDU,159.0,534,174048,Result Declared
462,PRATIMA MONDAL,70,ASHOK KANDARY,159.0,520,470219,Result Declared
463,ADHIKARI SOUMENDU,159,UTTAM BARIK SON OF LATE BIRENDRA BARIK,70.0,532,47764,Result Declared
464,MALA ROY,70,DEBASREE CHAUDHURI,159.0,524,187231,Result Declared
465,BANDYOPADHYAY SUDIP,70,TAPAS ROY,159.0,525,92560,Result Declared
466,MAHUA MOITRA,70,AMRITA ROY,159.0,513,56705,Result Declared
467,ISHA KHAN CHOUDHURY,290,SREERUPA MITRA CHAUDHURY (NIRBHAYA DIDI),159.0,509,128368,Result Declared
468,KHAGEN MURMU,159,PRASUN BANERJEE,70.0,508,77708,Result Declared
469,BAPI HALDAR,70,ASHOK PURKAIT,159.0,521,201057,Result Declared
470,JUNE MALIAH,70,AGNIMITRA PAUL,159.0,535,27191,Result Declared
471,ABU TAHER KHAN,70,MD SALIM,228.0,512,164215,Result Declared
472,JYOTIRMAY SINGH MAHATO,159,SHANTIRAM MAHATO,70.0,536,17079,Result Declared
473,KARTICK CHANDRA PAUL,159,KALYANI KRISHNA,70.0,506,68197,Result Declared
474,JAGANNATH SARKAR,159,MUKUT MANI ADHIKARI,70.0,514,186899,Result Declared
475,KALYAN BANERJEE,70,KABIR SHANKAR BOSE,159.0,528,174830,Result Declared
476,ABHIJIT GANGOPADHYAY,159,DEBANGSHU BHATTACHARYA,70.0,531,77733,Result Declared
477,SAJDA AHMED,70,ARUNUDAY PAULCHOWDHURY,159.0,527,218673,Result Declared
478,MAHESH KASHYAP,159,KAWASI LAKHMA,290.0,93,55245,Result Declared
479,TOKHAN SAHU,159,DEVENDRA YADAV,290.0,88,164558,Result Declared
480,VIJAY BAGHEL,159,RAJENDRA SAHU,290.0,90,438226,Result Declared
481,KAMLESH JANGDE,159,DR. SHIVKUMAR DAHARIYA,290.0,86,60000,Result Declared
482,BHOJRAJ NAG,159,BIRESH THAKUR,290.0,94,1884,Result Declared
483,JYOTSNA CHARANDAS MAHANT,290,SAROJ PANDEY,159.0,87,43283,Result Declared
484,ROOP KUMARI CHOUDHARY,159,TAMRADHWAJ SAHU,290.0,92,145456,Result Declared
485,RADHESHYAM RATHIYA,159,DR. MENKA DEVI SINGH,290.0,85,240391,Result Declared
486,BRIJMOHAN AGRAWAL,159,VIKAS UPADHYAY,290.0,91,575285,Result Declared
487,SANTOSH PANDEY,159,BHUPESH BAGHEL,290.0,89,44411,Result Declared
488,CHINTAMANI MAHARAJ,159,SHASHI SINGH KORAM,290.0,84,64822,Result Declared
489,KALI CHARAN SINGH,159,KRISHNA NAND TRIPATHI,290.0,147,220959,Result Declared
490,DULU MAHATO,159,ANUPAMA SINGH,290.0,150,331583,Result Declared
491,NALIN SOREN,353,SITA MURMU,159.0,145,22527,Result Declared
492,CHANDRA PRAKASH CHOUDHARY,2,MATHURA PRASAD MAHATO,353.0,149,80880,Result Declared
493,NISHIKANT DUBEY,159,PRADEEP YADAV,290.0,146,101813,Result Declared
494,MANISH JAISWAL,159,JAI PRAKASH BHAI PATEL,290.0,157,276686,Result Declared
495,BIDYUT BARAN MAHATO,159,SAMIR KUMAR MOHANTY,353.0,152,259782,Result Declared
496,KALI CHARAN MUNDA,290,ARJUN MUNDA,159.0,154,149675,Result Declared
497,ANNPURNA DEVI,159,VINOD KUMAR SINGH,229.0,148,377014,Result Declared
498,SUKHDEO BHAGAT,290,SAMIR ORAON,159.0,155,139138,Result Declared
499,VISHNU DAYAL RAM,159,MAMTA BHUIYAN,540.0,156,288807,Result Declared
500,VIJAY KUMAR HANSDAK,353,TALA MARANDI,159.0,144,178264,Result Declared
501,SANJAY SETH,159,YASHASWINI SAHAY,290.0,151,120512,Result Declared
502,JOBA MAJHI,353,GEETA KORA,159.0,153,168402,Result Declared
503,AJAY TAMTA,159,PRADEEP TAMTA,290.0,499,234097,Result Declared
504,ANIL BALUNI,159,GANESH GODIYAL,290.0,498,163503,Result Declared
505,TRIVENDRA SINGH RAWAT,159,VIRENDRA RAWAT,290.0,501,164056,Result Declared
506,AJAY BHATT,159,PRAKASH JOSHI,290.0,500,334548,Result Declared
507,MALA RAJYA LAKSHMI SHAH,159,JOT SINGH GUNSOLA,290.0,497,272493,Result Declared
508,GODAM NAGESH,159,ATHRAM SUGUNA,290.0,398,90652,Result Declared
509,CHAMALA KIRAN KUMAR REDDY,290,DR. BOORA NARSAIAH GOUD,159.0,411,222170,Result Declared
510,KONDA VISHWESHWAR REDDY,159,DR GADDAM RANJITH REDDY,290.0,407,172897,Result Declared
511,ASADUDDIN OWAISI,65,MADHAVI LATHA KOMPELLA,159.0,406,338087,Result Declared
512,BANDI SANJAY KUMAR,159,VELCHALA RAJENDER RAO,290.0,400,225209,Result Declared
513,RAMASAHAYAM RAGHURAM REDDY,290,NAMA NAGESWARA RAO,143.0,414,467847,Result Declared
514,BALRAM NAIK PORIKA,290,KAVITHA MALOTH,143.0,413,349165,Result Declared
515,ARUNA. D. K,159,CHALLA VAMSHI CHAND REDDY,290.0,408,4500,Result Declared
516,EATALA RAJENDER,159,PATNAM SUNEETHA MAHENDER REDDY,290.0,404,391475,Result Declared
517,MADHAVANENI RAGHUNANDAN RAO,159,NEELAM MADHU,290.0,403,39139,Result Declared
518,DR.MALLU RAVI,290,BHARATH  PRASAD POTHUGANTI,159.0,409,94414,Result Declared
519,KUNDURU RAGHUVEER,290,SAIDI REDDY SHANAMPUDI,159.0,410,559905,Result Declared
520,ARVIND DHARMAPURI,159,JEEVANREDDY THATIPARTHI,290.0,401,109241,Result Declared
521,VAMSI KRISHNA GADDAM,290,SRINIVAS GOMASE,159.0,399,131364,Result Declared
522,G. KISHAN REDDY,159,DANAM NAGENDER,290.0,405,49944,Result Declared
523,KADIYAM KAVYA,290,AROORI RAMESH,159.0,412,220339,Result Declared
524,SURESH KUMAR SHETKAR,290,B. B. PATIL,159.0,402,46188,Result Declared
525,BISHNU PADA RAY,159,KULDEEP RAI SHARMA,290.0,1,24396,Result Declared
526,MANISH TEWARI,290,SANJAY TANDON,159.0,83,2504,Result Declared
527,DELKAR KALABEN MOHANBHAI,159,AJIT RAMJIBHAI MAHALA,290.0,96,57584,Result Declared
528,PATEL UMESHBHAI BABUBHAI,283,LALUBHAI BABUBHAI PATEL,159.0,95,6225,Result Declared
529,PRAVEEN KHANDELWAL,159,JAI PRAKASH AGARWAL,290.0,290,89325,Result Declared
530,HARSH MALHOTRA,159,KULDEEP KUMAR (MONU),8.0,292,93663,Result Declared
531,BANSURI SWARAJ,159,SOMNATH BHARTI,8.0,293,78370,Result Declared
532,MANOJ TIWARI,159,KANHAIYA KUMAR,290.0,291,138778,Result Declared
533,YOGENDER CHANDOLIYA,159,UDIT RAJ,290.0,294,290849,Result Declared
534,RAMVIR SINGH BIDHURI,159,SAHI RAM,8.0,296,124333,Result Declared
535,KAMALJEET SEHRAWAT,159,MAHABAL MISHRA,8.0,295,199013,Result Declared
536,MUHAMMED HAMDULLAH SAYEED,290,MOHAMMED FAIZAL PP,456.0,207,2647,Result Declared
537,VE VAITHILINGAM,290,A NAMASSIVAYAM,159.0,319,136516,Result Declared
538,MIAN ALTAF AHMAD,315,MEHBOOBA MUFTI,318.0,141,281794,Result Declared
539,ABDUL RASHID SHEIKH,283,OMAR ABDULLAH,315.0,139,204142,Result Declared
540,JUGAL KISHORE,159,RAMAN BHALLA,290.0,143,135498,Result Declared
541,AGA SYED RUHULLAH MEHDI,315,WAHEED UR REHMAN PARA,318.0,140,188416,Result Declared
542,DR JITENDRA SINGH,159,CH LAL SINGH,290.0,142,124373,Result Declared
543,MOHMAD HANEEFA,283,TSERING NAMGYAL,290.0,206,27862,Result Declared
